{
  "ACC": 0.7337662337662337,
  "PREC": 0.5915492957746479,
  "REC": 0.7777777777777778,
  "F1": 0.672,
  "ROC_AUC": 0.8140740740740741,
  "BRIER": 0.17191318181614934,
  "CONFUSION_MATRIX": [
    [
      71,
      29
    ],
    [
      12,
      42
    ]
  ],
  "CV_AUC": {
    "logreg": 0.8443812292358803,
    "rf": 0.8244808970099667,
    "xgb": 0.7923214285714286
  },
  "BEST_MODEL": "logreg",
  "BEST_THRESHOLD": 0.35000000000000003
}